<?xml version="1.0" encoding="UTF-8"?>
<GenRun Id="design_1_udp_ip_offload_engine_tx_axis_0_2_synth_1" LaunchPart="xc7z020clg484-1" LaunchTime="1492382881">
  <File Type="RDS-DCP" Name="design_1_udp_ip_offload_engine_tx_axis_0_2.dcp"/>
  <File Type="RDS-UTIL-PB" Name="design_1_udp_ip_offload_engine_tx_axis_0_2_utilization_synth.pb"/>
  <File Type="VDS-TIMINGSUMMARY" Name="design_1_udp_ip_offload_engine_tx_axis_0_2_timing_summary_synth.rpt"/>
  <File Type="VDS-TIMING-PB" Name="design_1_udp_ip_offload_engine_tx_axis_0_2_timing_summary_synth.pb"/>
  <File Type="RDS-RDS" Name="design_1_udp_ip_offload_engine_tx_axis_0_2.vds"/>
  <File Type="PA-TCL" Name="design_1_udp_ip_offload_engine_tx_axis_0_2.tcl"/>
  <File Type="RDS-PROPCONSTRS" Name="design_1_udp_ip_offload_engine_tx_axis_0_2_drc_synth.rpt"/>
  <File Type="RDS-UTIL" Name="design_1_udp_ip_offload_engine_tx_axis_0_2_utilization_synth.rpt"/>
  <FileSet Name="sources" Type="BlockSrcs" RelSrcDir="$PSRCDIR/design_1_udp_ip_offload_engine_tx_axis_0_2">
    <File Path="$PSRCDIR/sources_1/bd/design_1/ip/design_1_udp_ip_offload_engine_tx_axis_0_2/design_1_udp_ip_offload_engine_tx_axis_0_2.xci">
      <FileInfo>
        <Attr Name="ImportPath" Val="$PPRDIR/../../../../../../../../vivado/gamma-team/axi_stream_loopback/axi_stream_loopback.srcs/sources_1/bd/design_1/ip/design_1_udp_ip_offload_engine_tx_axis_0_2/design_1_udp_ip_offload_engine_tx_axis_0_2.xci"/>
        <Attr Name="ImportTime" Val="0"/>
        <Attr Name="UsedIn" Val="synthesis"/>
        <Attr Name="UsedIn" Val="implementation"/>
        <Attr Name="UsedIn" Val="simulation"/>
      </FileInfo>
    </File>
    <Config>
      <Option Name="TopModule" Val="design_1_udp_ip_offload_engine_tx_axis_0_2"/>
      <Option Name="UseBlackboxStub" Val="1"/>
    </Config>
  </FileSet>
  <FileSet Name="constrs_in" Type="BlockSrcs" RelSrcDir="$PSRCDIR/design_1_udp_ip_offload_engine_tx_axis_0_2">
    <File Path="$PSRCDIR/sources_1/bd/design_1/ip/design_1_udp_ip_offload_engine_tx_axis_0_2/design_1_udp_ip_offload_engine_tx_axis_0_2.xci">
      <FileInfo>
        <Attr Name="ImportPath" Val="$PPRDIR/../../../../../../../../vivado/gamma-team/axi_stream_loopback/axi_stream_loopback.srcs/sources_1/bd/design_1/ip/design_1_udp_ip_offload_engine_tx_axis_0_2/design_1_udp_ip_offload_engine_tx_axis_0_2.xci"/>
        <Attr Name="ImportTime" Val="0"/>
        <Attr Name="UsedIn" Val="synthesis"/>
        <Attr Name="UsedIn" Val="implementation"/>
        <Attr Name="UsedIn" Val="simulation"/>
      </FileInfo>
    </File>
    <Config>
      <Option Name="TopModule" Val="design_1_udp_ip_offload_engine_tx_axis_0_2"/>
      <Option Name="UseBlackboxStub" Val="1"/>
    </Config>
  </FileSet>
  <Strategy Version="1" Minor="2">
    <StratHandle Name="Vivado Synthesis Defaults" Flow="Vivado Synthesis 2016"/>
    <Step Id="synth_design"/>
  </Strategy>
</GenRun>
