<?xml version="1.0" encoding="UTF-8"?>
<GenRun Id="synth_1" LaunchPart="xc7z020clg484-1" LaunchTime="1492380461">
  <File Type="PA-TCL" Name="udp_rx.tcl"/>
  <File Type="RDS-PROPCONSTRS" Name="udp_rx_drc_synth.rpt"/>
  <File Type="RDS-RDS" Name="udp_rx.vds"/>
  <File Type="RDS-UTIL" Name="udp_rx_utilization_synth.rpt"/>
  <File Type="RDS-UTIL-PB" Name="udp_rx_utilization_synth.pb"/>
  <File Type="RDS-DCP" Name="udp_rx.dcp"/>
  <File Type="VDS-TIMINGSUMMARY" Name="udp_rx_timing_summary_synth.rpt"/>
  <File Type="VDS-TIMING-PB" Name="udp_rx_timing_summary_synth.pb"/>
  <FileSet Name="sources" Type="DesignSrcs" RelSrcDir="$PSRCDIR/sources_1">
    <Filter Type="Srcs"/>
    <File Path="$PSRCDIR/sources_1/new/stream_packer.vhd">
      <FileInfo>
        <Attr Name="ImportPath" Val="$PPRDIR/../../../../../../../../../../../../../../tutorials/udp_rx/udp_rx.srcs/sources_1/new/stream_packer.vhd"/>
        <Attr Name="ImportTime" Val="1492380374"/>
        <Attr Name="UsedIn" Val="synthesis"/>
        <Attr Name="UsedIn" Val="simulation"/>
      </FileInfo>
    </File>
    <File Path="$PSRCDIR/sources_1/new/udp_rx.vhd">
      <FileInfo>
        <Attr Name="ImportPath" Val="$PPRDIR/../../../../../../../../../../../../../../tutorials/udp_rx/udp_rx.srcs/sources_1/new/udp_rx.vhd"/>
        <Attr Name="ImportTime" Val="1492380357"/>
        <Attr Name="UsedIn" Val="synthesis"/>
        <Attr Name="UsedIn" Val="simulation"/>
      </FileInfo>
    </File>
    <Config>
      <Option Name="DesignMode" Val="RTL"/>
      <Option Name="TopModule" Val="udp_rx"/>
      <Option Name="TopAutoSet" Val="TRUE"/>
    </Config>
  </FileSet>
  <FileSet Name="constrs_in" Type="Constrs" RelSrcDir="$PSRCDIR/constrs_1">
    <Filter Type="Constrs"/>
    <Config>
      <Option Name="ConstrsType" Val="XDC"/>
    </Config>
  </FileSet>
  <Strategy Version="1" Minor="2">
    <StratHandle Name="Vivado Synthesis Defaults" Flow="Vivado Synthesis 2016"/>
    <Step Id="synth_design"/>
  </Strategy>
</GenRun>
